filename,local_path,source_url,label,extra,category,license,width,height,format,file_size_kb,exif_Make,exif_Model,exif_Software,exif_Orientation,exif_DateTime,exif_XResolution,exif_YResolution
Moosalp_Bonigersee.jpg,images/montagnes/Moosalp_Bonigersee.jpg,http://commons.wikimedia.org/wiki/Special:FilePath/Moosalp%20Bonigersee.jpg,Augstbordhorn,Pennine Alps,mountain,Wikimedia Commons (voir page source),1280.0,887.0,JPEG,1563.03,Panasonic,DMC-TZ10,Adobe Photoshop Elements 3.0 Windows,1,2013:11:07 15:54:02,180.0,180.0
Hohtälli.JPG,images/montagnes/Hohtälli.JPG,http://commons.wikimedia.org/wiki/Special:FilePath/Hoht%C3%A4lli.JPG,Hohtälli,Pennine Alps,mountain,Wikimedia Commons (voir page source),1486.0,1031.0,JPEG,372.91,"OLYMPUS OPTICAL CO.,LTD","X-2,C-50Z       ",28-1011                        ,1,2008:08:02 13:06:15,,
MontRogneux.jpeg,images/montagnes/MontRogneux.jpeg,http://commons.wikimedia.org/wiki/Special:FilePath/MontRogneux.jpeg,Mont Rogneux,Pennine Alps,mountain,Wikimedia Commons (voir page source),4012.0,1276.0,JPEG,3525.2,,,,,,,
Roc_d'Orzival.jpg,images/montagnes/Roc_d'Orzival.jpg,http://commons.wikimedia.org/wiki/Special:FilePath/Roc%20d%27Orzival.jpg,Roc d'Orzival,Pennine Alps,mountain,Wikimedia Commons (voir page source),6240.0,4160.0,JPEG,15997.13,FUJIFILM,X-T30,Adobe Lightroom 5.5 (Windows),,2022:09:15 20:18:22,240.0,240.0
Jagerhorn0001.jpg,images/montagnes/Jagerhorn0001.jpg,http://commons.wikimedia.org/wiki/Special:FilePath/Jagerhorn0001.jpg,Jägerhorn,Pennine Alps,mountain,Wikimedia Commons (voir page source),600.0,443.0,JPEG,80.95,,,,,,,
UlrichshornFromSW.jpg,images/montagnes/UlrichshornFromSW.jpg,http://commons.wikimedia.org/wiki/Special:FilePath/UlrichshornFromSW.jpg,Ulrichshorn,Pennine Alps,mountain,Wikimedia Commons (voir page source),2848.0,2136.0,JPEG,1585.18,FUJIFILM,FinePix E550   ,Adobe Photoshop Elements 3.0,1,2009:07:29 09:59:42,72.0,72.0
Aouille_Tseque_and_Glacier_de_l'Aiguillette.jpg,images/montagnes/Aouille_Tseque_and_Glacier_de_l'Aiguillette.jpg,http://commons.wikimedia.org/wiki/Special:FilePath/Aouille%20Tseque%20and%20Glacier%20de%20l%27Aiguillette.jpg,Aouille Tseuque,Pennine Alps,mountain,Wikimedia Commons (voir page source),4032.0,3024.0,JPEG,3512.07,samsung,SM-G991B,G991BXXU5CVGB,6,2022:08:10 20:13:31,72.0,72.0
Corbassiere4.JPG,images/montagnes/Corbassiere4.JPG,http://commons.wikimedia.org/wiki/Special:FilePath/Corbassiere4.JPG,Combin de Corbassière,Pennine Alps,mountain,Wikimedia Commons (voir page source),3216.0,2136.0,JPEG,3718.35,NIKON CORPORATION,NIKON D5000,Ver.1.00 ,1,2010:09:05 12:22:30,300.0,300.0
Plattjen.jpg,images/montagnes/Plattjen.jpg,http://commons.wikimedia.org/wiki/Special:FilePath/Plattjen.jpg,Plattjen,Pennine Alps,mountain,Wikimedia Commons (voir page source),2560.0,1920.0,JPEG,2041.89,Panasonic,DMC-TZ3,Ver.1.0  ,1,2007:07:22 12:20:23,72.0,72.0
Saas-Grund_mit_Plattjen.jpg,images/montagnes/Saas-Grund_mit_Plattjen.jpg,http://commons.wikimedia.org/wiki/Special:FilePath/Saas-Grund%20mit%20Plattjen.jpg,Plattjen,Pennine Alps,mountain,Wikimedia Commons (voir page source),2560.0,1920.0,JPEG,2265.26,Panasonic,DMC-TZ3,Ver.1.0  ,1,2007:07:24 17:00:11,72.0,72.0
Drehrestaurant_Mittelallalin.jpg,images/montagnes/Drehrestaurant_Mittelallalin.jpg,http://commons.wikimedia.org/wiki/Special:FilePath/Drehrestaurant%20Mittelallalin.jpg,Mittelallalin,Pennine Alps,mountain,Wikimedia Commons (voir page source),2560.0,1920.0,JPEG,633.92,Panasonic,DMC-TZ3,Microsoft Windows Live Photo Gallery12.0.1347.718,1,2008:08:16 15:38:39,72.0,72.0
FluchthornVSFromE.jpg,images/montagnes/FluchthornVSFromE.jpg,http://commons.wikimedia.org/wiki/Special:FilePath/FluchthornVSFromE.jpg,Fluchthorn,Pennine Alps,mountain,Wikimedia Commons (voir page source),1163.0,1551.0,JPEG,1041.78,FUJIFILM,FinePix E550   ,Adobe Photoshop Elements 3.0 Windows,1,2012:08:26 11:08:59,984.0,984.0
Besso_-_Blanc_de_Moming_-_Dent_Blanche.jpg,images/montagnes/Besso_-_Blanc_de_Moming_-_Dent_Blanche.jpg,http://commons.wikimedia.org/wiki/Special:FilePath/Besso%20-%20Blanc%20de%20Moming%20-%20Dent%20Blanche.jpg,Blanc de Moming,Pennine Alps,mountain,Wikimedia Commons (voir page source),1999.0,1369.0,JPEG,792.92,Panasonic,DMC-TZ3,Capture NX 2.1.0 W,1,2012:02:12 18:34:58,72.0,72.0
Becs_de_Bosson_depuis_le_Pas_de_Lona.jpg,images/montagnes/Becs_de_Bosson_depuis_le_Pas_de_Lona.jpg,http://commons.wikimedia.org/wiki/Special:FilePath/Becs%20de%20Bosson%20depuis%20le%20Pas%20de%20Lona.jpg,Becs de Bosson,Pennine Alps,mountain,Wikimedia Commons (voir page source),6240.0,4160.0,JPEG,28622.08,FUJIFILM,X-T30,Adobe Lightroom 6.0 (Windows),,2022:11:13 23:24:56,240.0,240.0
SchoenbielhornFromSE.jpg,images/montagnes/SchoenbielhornFromSE.jpg,http://commons.wikimedia.org/wiki/Special:FilePath/SchoenbielhornFromSE.jpg,Schönbielhorn,Pennine Alps,mountain,Wikimedia Commons (voir page source),2848.0,2136.0,JPEG,1641.29,FUJIFILM,FinePix E550   ,Adobe Photoshop Elements 3.0,1,2010:07:14 20:23:58,72.0,72.0
Bigerhorn-balfrin-01.jpg,images/montagnes/Bigerhorn-balfrin-01.jpg,http://commons.wikimedia.org/wiki/Special:FilePath/Bigerhorn-balfrin-01.jpg,Bigerhorn,Pennine Alps,mountain,Wikimedia Commons (voir page source),3000.0,1950.0,JPEG,1799.56,,,,,,,
Seetalhorn.JPG,images/montagnes/Seetalhorn.JPG,http://commons.wikimedia.org/wiki/Special:FilePath/Seetalhorn.JPG,Seetalhorn,Pennine Alps,mountain,Wikimedia Commons (voir page source),2560.0,1920.0,JPEG,2344.69,Panasonic,DMC-TZ3,Ver.1.0  ,1,2008:07:27 10:56:41,72.0,72.0
Piolone0001.jpg,images/montagnes/Piolone0001.jpg,http://commons.wikimedia.org/wiki/Special:FilePath/Piolone0001.jpg,Pizzo Pioltone,Pennine Alps,mountain,Wikimedia Commons (voir page source),650.0,488.0,JPEG,128.71,,,,,,,
Funivia_Rote_Nase_alt.JPG,images/montagnes/Funivia_Rote_Nase_alt.JPG,http://commons.wikimedia.org/wiki/Special:FilePath/Funivia%20Rote%20Nase%20alt.JPG,Rote Nase,Pennine Alps,mountain,Wikimedia Commons (voir page source),3580.0,2387.0,JPEG,2134.7,,10M DSC,GIMP 2.6.11,1,2012:01:05 21:32:33,72.0,72.0
Otemma.jpg,images/montagnes/Otemma.jpg,http://commons.wikimedia.org/wiki/Special:FilePath/Otemma.jpg,La Singla,Pennine Alps,mountain,Wikimedia Commons (voir page source),1600.0,1200.0,JPEG,237.94,,,,,,,
Egginer_vom_Mittagshorn.JPG,images/montagnes/Egginer_vom_Mittagshorn.JPG,http://commons.wikimedia.org/wiki/Special:FilePath/Egginer%20vom%20Mittagshorn.JPG,Egginer,Pennine Alps,mountain,Wikimedia Commons (voir page source),3072.0,2048.0,JPEG,1964.47,SONY,DSC-W85,,1,2009:08:30 07:16:18,72.0,72.0
Les_Diablons_depuis_Sorebois.jpg,images/montagnes/Les_Diablons_depuis_Sorebois.jpg,http://commons.wikimedia.org/wiki/Special:FilePath/Les%20Diablons%20depuis%20Sorebois.jpg,Les Diablons,Pennine Alps,mountain,Wikimedia Commons (voir page source),6240.0,4160.0,JPEG,23970.78,FUJIFILM,X-T30,Adobe Lightroom 6.2 (Windows),,2024:01:14 21:25:58,240.0,240.0
SpechhornFromNW.JPG,images/montagnes/SpechhornFromNW.JPG,http://commons.wikimedia.org/wiki/Special:FilePath/SpechhornFromNW.JPG,Spechhorn,Pennine Alps,mountain,Wikimedia Commons (voir page source),2136.0,2848.0,JPEG,1606.38,FUJIFILM,FinePix E550   ,Adobe Photoshop Elements 3.0,1,2009:09:27 08:24:32,72.0,72.0
Wallis_Stellihorn_mg-k.jpg,images/montagnes/Wallis_Stellihorn_mg-k.jpg,http://commons.wikimedia.org/wiki/Special:FilePath/Wallis%20Stellihorn%20mg-k.jpg,Stellihorn,Pennine Alps,mountain,Wikimedia Commons (voir page source),500.0,334.0,JPEG,94.16,,,,,,,
Arollagletscher.jpg,images/montagnes/Arollagletscher.jpg,http://commons.wikimedia.org/wiki/Special:FilePath/Arollagletscher.jpg,Petit Mont Collon,Pennine Alps,mountain,Wikimedia Commons (voir page source),400.0,590.0,JPEG,78.97,,,,,,,
Mittens_the_Cat_2018.jpg,images/chats/Mittens_the_Cat_2018.jpg,http://commons.wikimedia.org/wiki/Special:FilePath/Mittens%20the%20Cat%202018.jpg,Mittens,,cat,Wikimedia Commons (voir page source),599.0,577.0,JPEG,246.83,,,Adobe Photoshop 25.12 (Windows),1,2025:06:13 15:22:53,72.0,72.0
India_the_Cat_Miss_Beazley_and_Barney_Halloween_2007_(cropped).jpg,images/chats/India_the_Cat_Miss_Beazley_and_Barney_Halloween_2007_(cropped).jpg,http://commons.wikimedia.org/wiki/Special:FilePath/India%20the%20Cat%20Miss%20Beazley%20and%20Barney%20Halloween%202007%20%28cropped%29.jpg,India,,cat,Wikimedia Commons (voir page source),507.0,412.0,JPEG,88.68,,,,,,,
IndioCat.jpg,images/chats/IndioCat.jpg,http://commons.wikimedia.org/wiki/Special:FilePath/IndioCat.jpg,India,,cat,Wikimedia Commons (voir page source),563.0,682.0,JPEG,249.74,,,,,,,
"WhiteHousePets,_ValentinesDay2007.jpg","images/chats/WhiteHousePets,_ValentinesDay2007.jpg",http://commons.wikimedia.org/wiki/Special:FilePath/WhiteHousePets%2C%20ValentinesDay2007.jpg,India,,cat,Wikimedia Commons (voir page source),515.0,399.0,JPEG,83.66,Canon,Canon EOS 5D,Adobe Photoshop CS2 Macintosh,1,2007:02:13 14:17:22,125.0,125.0
Station-Master_Tama.JPG,images/chats/Station-Master_Tama.JPG,http://commons.wikimedia.org/wiki/Special:FilePath/Station-Master%20Tama.JPG,Tama,,cat,Wikimedia Commons (voir page source),640.0,480.0,JPEG,138.87,Canon,Canon IXY DIGITAL 30,,1,2007:02:12 13:14:39,180.0,180.0
Brother_cream_in_stall.jpg,images/chats/Brother_cream_in_stall.jpg,http://commons.wikimedia.org/wiki/Special:FilePath/Brother%20cream%20in%20stall.jpg,Tsim Tung Brother Cream,,cat,Wikimedia Commons (voir page source),3024.0,4032.0,JPEG,6830.74,OLYMPUS IMAGING CORP.  ,E-PL2           ,Version 1.1                    ,1,2012:11:16 21:44:13,314.0,314.0
Socks_the_Cat_Explores.jpg,images/chats/Socks_the_Cat_Explores.jpg,http://commons.wikimedia.org/wiki/Special:FilePath/Socks%20the%20Cat%20Explores.jpg,Socks,,cat,Wikimedia Commons (voir page source),4488.0,2976.0,JPEG,3195.11,Nikon,,Adobe Photoshop CS6 (Windows),1,2014:12:17 12:09:06,400.0,400.0
Crimean_Tom.jpg,images/chats/Crimean_Tom.jpg,http://commons.wikimedia.org/wiki/Special:FilePath/Crimean%20Tom.jpg,Crimean Tom,,cat,Wikimedia Commons (voir page source),960.0,736.0,JPEG,174.07,,,Adobe Photoshop CS3 Macintosh,1,2011:01:13 17:34:46,72.0,72.0
Gladstone_a_year_in_Treasury_(1).jpg,images/chats/Gladstone_a_year_in_Treasury_(1).jpg,http://commons.wikimedia.org/wiki/Special:FilePath/Gladstone%20a%20year%20in%20Treasury%20%281%29.jpg,Gladstone,,cat,Wikimedia Commons (voir page source),1500.0,1000.0,JPEG,239.5,,,,,,,
Arcturus_standing.jpg,images/chats/Arcturus_standing.jpg,http://commons.wikimedia.org/wiki/Special:FilePath/Arcturus%20standing.jpg,Arcturus Aldebaran Powers,,cat,Wikimedia Commons (voir page source),546.0,842.0,JPEG,138.11,,,Chrome OS Gallery App,1,2017:11:10 16:09:40,,
07.22_總統錄製Youtube影片.jpg,images/chats/07.22_總統錄製Youtube影片.jpg,http://commons.wikimedia.org/wiki/Special:FilePath/07.22%20%E7%B8%BD%E7%B5%B1%E9%8C%84%E8%A3%BDYoutube%E5%BD%B1%E7%89%87.jpg,Think Think,,cat,Wikimedia Commons (voir page source),2048.0,2048.0,JPEG,2287.81,SONY,ILCE-7RM3,Adobe Photoshop Lightroom Classic 8.1 (Macintosh),,2020:07:22 09:48:03,72.0,72.0
Наталка_Діденко_з_котом_Апельмоном.jpg,images/chats/Наталка_Діденко_з_котом_Апельмоном.jpg,http://commons.wikimedia.org/wiki/Special:FilePath/%D0%9D%D0%B0%D1%82%D0%B0%D0%BB%D0%BA%D0%B0%20%D0%94%D1%96%D0%B4%D0%B5%D0%BD%D0%BA%D0%BE%20%D0%B7%20%D0%BA%D0%BE%D1%82%D0%BE%D0%BC%20%D0%90%D0%BF%D0%B5%D0%BB%D1%8C%D0%BC%D0%BE%D0%BD%D0%BE%D0%BC.jpg,Apelmon,,cat,Wikimedia Commons (voir page source),2832.0,4256.0,JPEG,7899.86,NIKON CORPORATION,NIKON D3S,Capture NX 2.4.1 W,1,2017:09:21 00:05:42,300.0,300.0
UCDavisCheeto.jpg,images/chats/UCDavisCheeto.jpg,http://commons.wikimedia.org/wiki/Special:FilePath/UCDavisCheeto.jpg,Cheeto,,cat,Wikimedia Commons (voir page source),900.0,1260.0,JPEG,733.08,Canon,Canon EOS R,Adobe Photoshop 26.5 (20250223.m.2987 0a3b3a1)  (Windows),1,2025:08:25 16:35:10,300.0,300.0
"Kkongkkong,_September_10,_2020.jpg","images/chats/Kkongkkong,_September_10,_2020.jpg",http://commons.wikimedia.org/wiki/Special:FilePath/Kkongkkong%2C%20September%2010%2C%202020.jpg,Kkongkkong,,cat,Wikimedia Commons (voir page source),3840.0,2880.0,JPEG,2605.26,Apple,iPhone 8 Plus,13.6.1,1,2020:09:10 18:59:19,72.0,72.0
Larry_Chief_Mouser.jpg,images/chats/Larry_Chief_Mouser.jpg,http://commons.wikimedia.org/wiki/Special:FilePath/Larry%20Chief%20Mouser.jpg,Larry,,cat,Wikimedia Commons (voir page source),2000.0,1333.0,JPEG,264.02,,,,,,,
Mayor_Stubbs.jpg,images/chats/Mayor_Stubbs.jpg,http://commons.wikimedia.org/wiki/Special:FilePath/Mayor%20Stubbs.jpg,Stubbs,,cat,Wikimedia Commons (voir page source),1181.0,522.0,JPEG,188.77,Canon,Canon PowerShot SD550,Adobe Photoshop 7.0,,2006:07:10 19:09:04,180.0,180.0
"Rescue_of_a_cat_in_Borodianka,_2_May_2022_(4).jpg","images/chats/Rescue_of_a_cat_in_Borodianka,_2_May_2022_(4).jpg",http://commons.wikimedia.org/wiki/Special:FilePath/Rescue%20of%20a%20cat%20in%20Borodianka%2C%202%20May%202022%20%284%29.jpg,the pet from Borodianka,,cat,Wikimedia Commons (voir page source),438.0,351.0,JPEG,31.39,,,,,2022:05:27 17:38:43,,
"Fat_cat,_asleep_(319313958).jpg","images/chats/Fat_cat,_asleep_(319313958).jpg",http://commons.wikimedia.org/wiki/Special:FilePath/Fat%20cat%2C%20asleep%20%28319313958%29.jpg,Toffee,,cat,Wikimedia Commons (voir page source),3488.0,2616.0,JPEG,4804.91,FUJIFILM,FinePix S9500  ,Digital Camera FinePix S9500   Ver1.03,1,2006:11:26 10:59:53,72.0,72.0
"2021_The_great_wall,_Leidsedwarstuin,_Asd_(4).jpg","images/chats/2021_The_great_wall,_Leidsedwarstuin,_Asd_(4).jpg",http://commons.wikimedia.org/wiki/Special:FilePath/2021%20The%20great%20wall%2C%20Leidsedwarstuin%2C%20Asd%20%284%29.jpg,Abatutu,,cat,Wikimedia Commons (voir page source),4160.0,3120.0,JPEG,8192.22,samsung,SM-A115F,,1,2021:03:23 11:47:56,,
Cat_at_Ayasofya.jpg,images/chats/Cat_at_Ayasofya.jpg,http://commons.wikimedia.org/wiki/Special:FilePath/Cat%20at%20Ayasofya.jpg,Gli,,cat,Wikimedia Commons (voir page source),4896.0,3264.0,JPEG,9936.51,FUJIFILM,X100S,Adobe Photoshop CS5.1 Macintosh,1,2014:04:24 22:11:16,72.0,72.0
オシンコシンの滝の猫の昼寝.jpg,images/chats/オシンコシンの滝の猫の昼寝.jpg,http://commons.wikimedia.org/wiki/Special:FilePath/%E3%82%AA%E3%82%B7%E3%83%B3%E3%82%B3%E3%82%B7%E3%83%B3%E3%81%AE%E6%BB%9D%E3%81%AE%E7%8C%AB%E3%81%AE%E6%98%BC%E5%AF%9D.jpg,Nora,,cat,Wikimedia Commons (voir page source),4000.0,3000.0,JPEG,4253.84,FUJIFILM,FinePix F100fd ,Adobe Photoshop CS4 Windows,1,2009:07:12 14:02:01,72.0,72.0
04.12_總統觀賞中華職棒比賽_Tsai_Ing-Wen_watching_baseball_with_Ah_Tsai.jpg,images/chats/04.12_總統觀賞中華職棒比賽_Tsai_Ing-Wen_watching_baseball_with_Ah_Tsai.jpg,http://commons.wikimedia.org/wiki/Special:FilePath/04.12%20%E7%B8%BD%E7%B5%B1%E8%A7%80%E8%B3%9E%E4%B8%AD%E8%8F%AF%E8%81%B7%E6%A3%92%E6%AF%94%E8%B3%BD%20Tsai%20Ing-Wen%20watching%20baseball%20with%20Ah%20Tsai.jpg,Ah Tsai,,cat,Wikimedia Commons (voir page source),2048.0,1365.0,JPEG,2469.22,,,Adobe Photoshop Lightroom Classic 9.2 (Macintosh),,,72.0,72.0
Lil-Bub-2013_(cropped).jpg,images/chats/Lil-Bub-2013_(cropped).jpg,http://commons.wikimedia.org/wiki/Special:FilePath/Lil-Bub-2013%20%28cropped%29.jpg,Lil Bub,,cat,Wikimedia Commons (voir page source),459.0,391.0,JPEG,39.21,,,,,,,
Наталия_Ушакова._1927.jpg,images/chats/Наталия_Ушакова._1927.jpg,http://commons.wikimedia.org/wiki/Special:FilePath/%D0%9D%D0%B0%D1%82%D0%B0%D0%BB%D0%B8%D1%8F%20%D0%A3%D1%88%D0%B0%D0%BA%D0%BE%D0%B2%D0%B0.%201927.jpg,Myka,,cat,Wikimedia Commons (voir page source),257.0,340.0,JPEG,73.1,,,Windows Photo Editor 10.0.10011.16384,1,2016:12:23 23:19:41,200.0,200.0
Hank_Political_Poster.jpg,images/chats/Hank_Political_Poster.jpg,http://commons.wikimedia.org/wiki/Special:FilePath/Hank%20Political%20Poster.jpg,Hank the Cat,,cat,Wikimedia Commons (voir page source),2640.0,3975.0,JPEG,896.86,,,Adobe Photoshop CS3 Windows,1,2014:04:25 19:16:23,300.0,300.0
"Flor_de_Palma_Entre_los_llanos_y_Sierra_Hermosa,_Coahuila_-_panoramio.jpg","images/fleurs/Flor_de_Palma_Entre_los_llanos_y_Sierra_Hermosa,_Coahuila_-_panoramio.jpg",http://commons.wikimedia.org/wiki/Special:FilePath/Flor%20de%20Palma%20Entre%20los%20llanos%20y%20Sierra%20Hermosa%2C%20Coahuila%20-%20panoramio.jpg,chochas,,flower,Wikimedia Commons (voir page source),4288.0,3216.0,JPEG,7559.16,FUJIFILM,FinePix S2950,Digital Camera FinePix S2950 Ver1.01,1,2012:03:30 15:20:39,72.0,72.0
Close-up_Eucalyptus_Flower_Ooty_Sep25_A7CR_07608-22_zsp.jpg,images/fleurs/Close-up_Eucalyptus_Flower_Ooty_Sep25_A7CR_07608-22_zsp.jpg,http://commons.wikimedia.org/wiki/Special:FilePath/Close-up%20Eucalyptus%20Flower%20Ooty%20Sep25%20A7CR%2007608-22%20zsp.jpg,Eucalyptus (flowers),,flower,Wikimedia Commons (voir page source),5983.0,5983.0,JPEG,26532.73,SONY,ILCE-7CR,Adobe Photoshop Lightroom Classic 14.4 (Macintosh),,2025:09:20 15:12:28,300.0,300.0
LiliumBulbiferumCroceumBologna.jpg,images/fleurs/LiliumBulbiferumCroceumBologna.jpg,http://commons.wikimedia.org/wiki/Special:FilePath/LiliumBulbiferumCroceumBologna.jpg,Lilium,,flower,Wikimedia Commons (voir page source),2048.0,1536.0,JPEG,1309.23,RICOH      ,CaplioG3 modelM,,1,2000:08:07 03:14:28,72.0,72.0
Ukiyoe_calendar_June_2010_hokusai_--_yuri.jpg,images/fleurs/Ukiyoe_calendar_June_2010_hokusai_--_yuri.jpg,http://commons.wikimedia.org/wiki/Special:FilePath/Ukiyoe%20calendar%20June%202010%20hokusai%20--%20yuri.jpg,lily,,flower,Wikimedia Commons (voir page source),407.0,274.0,JPEG,56.45,,,,,,,
Adenium_Obesum_Flower_Side_Macro_Mar22_D72_23052-58_ZS_P.jpg,images/fleurs/Adenium_Obesum_Flower_Side_Macro_Mar22_D72_23052-58_ZS_P.jpg,http://commons.wikimedia.org/wiki/Special:FilePath/Adenium%20Obesum%20Flower%20Side%20Macro%20Mar22%20D72%2023052-58%20ZS%20P.jpg,Close-up photographs of Adenium obesum flowers,,flower,Wikimedia Commons (voir page source),4792.0,3834.0,JPEG,11841.74,,,Adobe Photoshop Lightroom 6.14 (Macintosh),,2022:04:05 09:31:56,300.0,300.0
Flower_Water_Apple_Valparai_Feb26_A7CR_10135.jpg,images/fleurs/Flower_Water_Apple_Valparai_Feb26_A7CR_10135.jpg,http://commons.wikimedia.org/wiki/Special:FilePath/Flower%20Water%20Apple%20Valparai%20Feb26%20A7CR%2010135.jpg,Syzygium aqueum (flowers),,flower,Wikimedia Commons (voir page source),4839.0,4839.0,JPEG,19651.46,SONY,ILCE-7CR,Adobe Photoshop Lightroom Classic 15.1 (Macintosh),,2026:02:27 18:29:23,300.0,300.0
Ohitashi_of_nanohana_2015.jpg,images/fleurs/Ohitashi_of_nanohana_2015.jpg,http://commons.wikimedia.org/wiki/Special:FilePath/Ohitashi%20of%20nanohana%202015.jpg,Nanohana,,flower,Wikimedia Commons (voir page source),4509.0,3413.0,JPEG,1190.36,,,,,,,
Ray-floret.svg,images/fleurs/Ray-floret.svg,http://commons.wikimedia.org/wiki/Special:FilePath/Ray-floret.svg,Zungenblüte,,flower,Wikimedia Commons (voir page source),,,,13.26,,,,,,,
Karakaftja.jpg,images/fleurs/Karakaftja.jpg,http://commons.wikimedia.org/wiki/Special:FilePath/Karakaftja.jpg,Q122737769,,flower,Wikimedia Commons (voir page source),1265.0,2048.0,JPEG,236.16,,,,,,,
Flowers_Closeup_Coffee_Robusta_Suntikoppa_Apr24_A7C_10826.jpg,images/fleurs/Flowers_Closeup_Coffee_Robusta_Suntikoppa_Apr24_A7C_10826.jpg,http://commons.wikimedia.org/wiki/Special:FilePath/Flowers%20Closeup%20Coffee%20Robusta%20Suntikoppa%20Apr24%20A7C%2010826.jpg,Coffea canephora (flowers),,flower,Wikimedia Commons (voir page source),3969.0,2977.0,JPEG,6113.48,SONY,ILCE-7C,Adobe Photoshop Lightroom Classic 13.4 (Macintosh),,2024:08:03 09:33:02,300.0,300.0
Ulex_europaeus3.jpg,images/fleurs/Ulex_europaeus3.jpg,http://commons.wikimedia.org/wiki/Special:FilePath/Ulex%20europaeus3.jpg,Ulex europaeus flower,,flower,Wikimedia Commons (voir page source),640.0,480.0,JPEG,33.62,,,,,,,
Tanacetum_parthenium_-_Köhler–s_Medizinal-Pflanzen-036.jpg,images/fleurs/Tanacetum_parthenium_-_Köhler–s_Medizinal-Pflanzen-036.jpg,http://commons.wikimedia.org/wiki/Special:FilePath/Tanacetum%20parthenium%20-%20K%C3%B6hler%E2%80%93s%20Medizinal-Pflanzen-036.jpg,Q4265359,,flower,Wikimedia Commons (voir page source),440.0,592.0,JPEG,186.45,,,,,,,
"Formosa_lily,_Nagai_Park,_Osaka.jpg","images/fleurs/Formosa_lily,_Nagai_Park,_Osaka.jpg",http://commons.wikimedia.org/wiki/Special:FilePath/Formosa%20lily%2C%20Nagai%20Park%2C%20Osaka.jpg,Lilium,,flower,Wikimedia Commons (voir page source),3264.0,3382.0,JPEG,3332.89,Canon,Canon EOS-1D Mark IV,Adobe Photoshop Lightroom 6.1 (Windows),1,2015:08:16 01:05:53,350.0,350.0
Lilium_michiganense_2.jpg,images/fleurs/Lilium_michiganense_2.jpg,http://commons.wikimedia.org/wiki/Special:FilePath/Lilium%20michiganense%202.jpg,Lilium,,flower,Wikimedia Commons (voir page source),462.0,670.0,JPEG,126.48,,,,,,,
Frühlings_Enzian_Gentiana_verna_03.JPG,images/fleurs/Frühlings_Enzian_Gentiana_verna_03.JPG,http://commons.wikimedia.org/wiki/Special:FilePath/Fr%C3%BChlings%20Enzian%20Gentiana%20verna%2003.JPG,blue flower,,flower,Wikimedia Commons (voir page source),3147.0,2638.0,JPEG,4764.2,SONY ,DSLR-A700,DSLR-A700 v01,,2009:05:19 15:53:54,,
Erysimum_cheiri_gold_garden_flowers.jpg,images/fleurs/Erysimum_cheiri_gold_garden_flowers.jpg,http://commons.wikimedia.org/wiki/Special:FilePath/Erysimum%20cheiri%20gold%20garden%20flowers.jpg,orange flower,,flower,Wikimedia Commons (voir page source),2816.0,2112.0,JPEG,1161.4,Canon,Canon PowerShot S3 IS,,1,2007:05:13 02:47:16,180.0,180.0
Butchart_Gardens_(145582500).jpg,images/fleurs/Butchart_Gardens_(145582500).jpg,http://commons.wikimedia.org/wiki/Special:FilePath/Butchart%20Gardens%20%28145582500%29.jpg,yellow flower,,flower,Wikimedia Commons (voir page source),3504.0,2336.0,JPEG,2140.07,Canon,Canon EOS 20D,,1,2006:05:06 11:54:23,72.0,72.0
Red_Carnation_Flower.jpg,images/fleurs/Red_Carnation_Flower.jpg,http://commons.wikimedia.org/wiki/Special:FilePath/Red%20Carnation%20Flower.jpg,red flower,,flower,Wikimedia Commons (voir page source),1680.0,1260.0,JPEG,574.9,Panasonic,DMC-FZ5,Ver.1.0  ,1,2006:02:21 21:55:09,72.0,72.0
Purple_puffer_(2257511230).jpg,images/fleurs/Purple_puffer_(2257511230).jpg,http://commons.wikimedia.org/wiki/Special:FilePath/Purple%20puffer%20%282257511230%29.jpg,purple flower,,flower,Wikimedia Commons (voir page source),800.0,1200.0,JPEG,120.6,Canon,Canon EOS-1D Mark III,Adobe Photoshop CS3 Windows,1,2008:02:10 23:05:36,240.0,240.0
Apricot_blossom.jpg,images/fleurs/Apricot_blossom.jpg,http://commons.wikimedia.org/wiki/Special:FilePath/Apricot%20blossom.jpg,apricot blossom,,flower,Wikimedia Commons (voir page source),1956.0,1704.0,JPEG,258.44,samsung,SM-A525F,Snapseed 2.0,1,2022:03:22 11:43:29,,
Tirana_from_South.jpg,images/capitales/Tirana_from_South.jpg,http://commons.wikimedia.org/wiki/Special:FilePath/Tirana%20from%20South.jpg,Tirana,,capitales,Wikimedia Commons (voir page source),4774.0,3077.0,JPEG,7026.31,,,,,,,
Luxembourg_City_Hall_(54540726309).jpg,images/capitales/Luxembourg_City_Hall_(54540726309).jpg,http://commons.wikimedia.org/wiki/Special:FilePath/Luxembourg%20City%20Hall%20%2854540726309%29.jpg,Luxembourg,,capitales,Wikimedia Commons (voir page source),4665.0,2624.0,JPEG,3637.94,SONY,ILCE-7M3,Adobe Photoshop Lightroom Classic 12.4 (Windows),,2024:09:21 17:55:31,240.0,240.0
Lintzoain.jpg,images/capitales/Lintzoain.jpg,http://commons.wikimedia.org/wiki/Special:FilePath/Lintzoain.jpg,Lintzoain,,capitales,Wikimedia Commons (voir page source),827.0,551.0,JPEG,92.4,,,,,,,
NileDeltaNapoleon01.jpg,images/capitales/NileDeltaNapoleon01.jpg,http://commons.wikimedia.org/wiki/Special:FilePath/NileDeltaNapoleon01.jpg,Papremi,,capitales,Wikimedia Commons (voir page source),3150.0,2178.0,JPEG,3476.92,,,Adobe Photoshop Elements 6.0 Windows,1,2010:08:19 10:27:21,300.0,300.0
Malabo_a_13-oct-01.jpg,images/capitales/Malabo_a_13-oct-01.jpg,http://commons.wikimedia.org/wiki/Special:FilePath/Malabo%20a%2013-oct-01.jpg,Malabo,,capitales,Wikimedia Commons (voir page source),1792.0,1200.0,JPEG,421.8,Eastman Kodak Company,KODAK DC290 Zoom Digital Camera (V01.00),,1,,72.0,72.0
Reykjavík_5545_(cropped).JPG,images/capitales/Reykjavík_5545_(cropped).JPG,http://commons.wikimedia.org/wiki/Special:FilePath/Reykjav%C3%ADk%205545%20%28cropped%29.JPG,Reykjavík,,capitales,Wikimedia Commons (voir page source),3888.0,1936.0,JPEG,2150.62,Canon,Canon EOS 400D DIGITAL         ,Adobe Photoshop 21.2 (Windows),1,2021:01:14 17:33:42,72.0,72.0
Navajo_Nation_Council_Chambers_6809.jpg,images/capitales/Navajo_Nation_Council_Chambers_6809.jpg,http://commons.wikimedia.org/wiki/Special:FilePath/Navajo%20Nation%20Council%20Chambers%206809.jpg,Window Rock,,capitales,Wikimedia Commons (voir page source),3100.0,2325.0,JPEG,3411.0,SONY,DSC-W70,Adobe Photoshop 7.0,1,2008:02:24 09:36:14,72.0,72.0
"BHA_Nassau,_Paradise_Island,_Atlantis_Bridge_001.jpg","images/capitales/BHA_Nassau,_Paradise_Island,_Atlantis_Bridge_001.jpg",http://commons.wikimedia.org/wiki/Special:FilePath/BHA%20Nassau%2C%20Paradise%20Island%2C%20Atlantis%20Bridge%20001.jpg,Nassau,,capitales,Wikimedia Commons (voir page source),3264.0,2448.0,JPEG,2408.21,Apple,iPhone 5,6.1.4,1,2013:08:08 15:21:39,72.0,72.0
"Aerial_view_of_Tashkent,_Uzbekistan.JPG","images/capitales/Aerial_view_of_Tashkent,_Uzbekistan.JPG",http://commons.wikimedia.org/wiki/Special:FilePath/Aerial%20view%20of%20Tashkent%2C%20Uzbekistan.JPG,Tashkent,,capitales,Wikimedia Commons (voir page source),640.0,480.0,JPEG,110.66,"OLYMPUS OPTICAL CO.,LTD","C-1Z,D-150Z ",Windows Photo Editor 10.0.10011.16384,1,2016:10:27 15:57:33,72.0,72.0
Stone_Bridge_Skopje_4.jpg,images/capitales/Stone_Bridge_Skopje_4.jpg,http://commons.wikimedia.org/wiki/Special:FilePath/Stone%20Bridge%20Skopje%204.jpg,Skopje,,capitales,Wikimedia Commons (voir page source),5220.0,3455.0,JPEG,6977.18,FUJIFILM,X-T30,Adobe Photoshop CS6 (Macintosh),1,2023:07:22 16:58:37,72.0,72.0
Краснодар.png,images/capitales/Краснодар.png,http://commons.wikimedia.org/wiki/Special:FilePath/%D0%9A%D1%80%D0%B0%D1%81%D0%BD%D0%BE%D0%B4%D0%B0%D1%80.png,Krasnodar,,capitales,Wikimedia Commons (voir page source),479.0,957.0,PNG,819.08,,,,,,,
Vista_de_Alcanena.JPG,images/capitales/Vista_de_Alcanena.JPG,http://commons.wikimedia.org/wiki/Special:FilePath/Vista%20de%20Alcanena.JPG,Alcanena,,capitales,Wikimedia Commons (voir page source),1599.0,995.0,JPEG,279.27,        ,        ,V1.0.2.4 ,1,2003:05:17 06:51:47 ,72.0,72.0
Liao_Shangjing_view_soutth.jpg,images/capitales/Liao_Shangjing_view_soutth.jpg,http://commons.wikimedia.org/wiki/Special:FilePath/Liao%20Shangjing%20view%20soutth.jpg,Shangjing Linhuangfu,,capitales,Wikimedia Commons (voir page source),4896.0,3672.0,JPEG,6810.68,NIKON,COOLPIX S9500  ,COOLPIX S9500V1.1              ,1,2016:08:27 17:07:30,300.0,300.0
Autobahnbau_in_Oyala.JPG,images/capitales/Autobahnbau_in_Oyala.JPG,http://commons.wikimedia.org/wiki/Special:FilePath/Autobahnbau%20in%20Oyala.JPG,Ciudad de la Paz,,capitales,Wikimedia Commons (voir page source),4000.0,3000.0,JPEG,3422.09,"CASIO COMPUTER CO.,LTD.",EX-S12     ,1.01             ,1,2010:09:04 13:43:00,72.0,72.0
La_Guaira.jpg,images/capitales/La_Guaira.jpg,http://commons.wikimedia.org/wiki/Special:FilePath/La%20Guaira.jpg,La Guaira,,capitales,Wikimedia Commons (voir page source),1233.0,925.0,JPEG,978.14,"CASIO COMPUTER CO.,LTD ",EX-Z57 ,Adobe Photoshop CS2 Windows,1,2013:05:09 12:05:49,72.0,72.0
Twinmiracle.jpg,images/capitales/Twinmiracle.jpg,http://commons.wikimedia.org/wiki/Special:FilePath/Twinmiracle.jpg,Shravasti,,capitales,Wikimedia Commons (voir page source),2272.0,1704.0,JPEG,1757.91,Canon,Canon IXY DIGITAL 800 IS,,1,2012:11:25 04:28:08,96.0,96.0
Ciudad_La_Plata_montage.jpg,images/capitales/Ciudad_La_Plata_montage.jpg,http://commons.wikimedia.org/wiki/Special:FilePath/Ciudad%20La%20Plata%20montage.jpg,La Plata,,capitales,Wikimedia Commons (voir page source),1986.0,2645.0,JPEG,3852.9,,,,,,,
Kangar_(2019).jpg,images/capitales/Kangar_(2019).jpg,http://commons.wikimedia.org/wiki/Special:FilePath/Kangar%20%282019%29.jpg,Kangar,,capitales,Wikimedia Commons (voir page source),2816.0,2112.0,JPEG,2185.55,FUJIFILM,XQ1,Adobe Photoshop 7.0,1,2022:05:17 11:37:14,72.0,72.0
Pungnap_Toseong.jpg,images/capitales/Pungnap_Toseong.jpg,http://commons.wikimedia.org/wiki/Special:FilePath/Pungnap%20Toseong.jpg,Wiryeseong,,capitales,Wikimedia Commons (voir page source),640.0,480.0,JPEG,85.8,,,,,,,
Jefferson_City.jpg,images/capitales/Jefferson_City.jpg,http://commons.wikimedia.org/wiki/Special:FilePath/Jefferson%20City.jpg,Jefferson City,,capitales,Wikimedia Commons (voir page source),1500.0,2100.0,JPEG,325.33,,,,,,,
Garocity.jpg,images/capitales/Garocity.jpg,http://commons.wikimedia.org/wiki/Special:FilePath/Garocity.jpg,Garowe,,capitales,Wikimedia Commons (voir page source),1024.0,768.0,JPEG,164.79,,,,,,,
Cherrapunji.jpg,images/capitales/Cherrapunji.jpg,http://commons.wikimedia.org/wiki/Special:FilePath/Cherrapunji.jpg,Cherrapunji,,capitales,Wikimedia Commons (voir page source),695.0,934.0,JPEG,380.08,HP,HP psc1400,,,,,
Encarnación.jpg,images/capitales/Encarnación.jpg,http://commons.wikimedia.org/wiki/Special:FilePath/Encarnaci%C3%B3n.jpg,Encarnación,,capitales,Wikimedia Commons (voir page source),3545.0,5120.0,JPEG,2528.54,,,,,,,
몽촌토성.jpg,images/capitales/몽촌토성.jpg,http://commons.wikimedia.org/wiki/Special:FilePath/%EB%AA%BD%EC%B4%8C%ED%86%A0%EC%84%B1.jpg,Wiryeseong,,capitales,Wikimedia Commons (voir page source),5254.0,3367.0,JPEG,8939.67,SAMSUNG,NX300M,Adobe Photoshop Lightroom 5.0 (Windows),,2016:09:29 21:40:38,240.0,240.0
Thaumastura_cora_188341541.jpg,images/oiseaux/Thaumastura_cora_188341541.jpg,http://commons.wikimedia.org/wiki/Special:FilePath/Thaumastura%20cora%20188341541.jpg,Thaumastura cora,,bird,Wikimedia Commons (voir page source),765.0,1020.0,JPEG,241.89,,,,,,,
ChaetocercusBurmeisteriKeulemans.jpg,images/oiseaux/ChaetocercusBurmeisteriKeulemans.jpg,http://commons.wikimedia.org/wiki/Special:FilePath/ChaetocercusBurmeisteriKeulemans.jpg,Microstilbon burmeisteri,,bird,Wikimedia Commons (voir page source),1348.0,1824.0,JPEG,413.89,,,,,,,
Oxypogon_guerinii_lindenii.jpg,images/oiseaux/Oxypogon_guerinii_lindenii.jpg,http://commons.wikimedia.org/wiki/Special:FilePath/Oxypogon%20guerinii%20lindenii.jpg,White-bearded helmetcrest,,bird,Wikimedia Commons (voir page source),1972.0,2188.0,JPEG,727.54,,,,1,2011:08:20 15:05:18,,
Bearded_Mountaineer_(Oreonympha_nobilis).jpg,images/oiseaux/Bearded_Mountaineer_(Oreonympha_nobilis).jpg,http://commons.wikimedia.org/wiki/Special:FilePath/Bearded%20Mountaineer%20%28Oreonympha%20nobilis%29.jpg,Oreonympha nobilis,,bird,Wikimedia Commons (voir page source),1519.0,2048.0,JPEG,1337.93,,,,,,,
Maleo_bird.PNG,images/oiseaux/Maleo_bird.PNG,http://commons.wikimedia.org/wiki/Special:FilePath/Maleo%20bird.PNG,Maleo,,bird,Wikimedia Commons (voir page source),3248.0,2264.0,PNG,6918.19,,,,,,,
Violet-headed_Hummingbird_(Klais_guimeti)_2015-06-14_(1)_(40283795752).jpg,images/oiseaux/Violet-headed_Hummingbird_(Klais_guimeti)_2015-06-14_(1)_(40283795752).jpg,http://commons.wikimedia.org/wiki/Special:FilePath/Violet-headed%20Hummingbird%20%28Klais%20guimeti%29%202015-06-14%20%281%29%20%2840283795752%29.jpg,Klais guimeti,,bird,Wikimedia Commons (voir page source),1943.0,1292.0,JPEG,2363.72,NIKON CORPORATION,NIKON D50,GIMP 2.8.14,1,2015:06:14 13:16:53,300.0,300.0
Great_sapphirewing_(Pterophanes_cyanopterus_caeruleus)_male_Caldas.jpg,images/oiseaux/Great_sapphirewing_(Pterophanes_cyanopterus_caeruleus)_male_Caldas.jpg,http://commons.wikimedia.org/wiki/Special:FilePath/Great%20sapphirewing%20%28Pterophanes%20cyanopterus%20caeruleus%29%20male%20Caldas.jpg,Pterophanes cyanopterus,,bird,Wikimedia Commons (voir page source),4901.0,3815.0,JPEG,14214.82,Canon,Canon EOS R6m2,Adobe Photoshop CS6 (Windows),1,2023:09:02 20:54:25,300.0,300.0
Schistes_albogularis_240980514_(cropped).jpg,images/oiseaux/Schistes_albogularis_240980514_(cropped).jpg,http://commons.wikimedia.org/wiki/Special:FilePath/Schistes%20albogularis%20240980514%20%28cropped%29.jpg,Schistes albogularis,,bird,Wikimedia Commons (voir page source),1121.0,1116.0,JPEG,1180.92,,,,,,,
Blue-bearded_Helmetcrest.jpg,images/oiseaux/Blue-bearded_Helmetcrest.jpg,http://commons.wikimedia.org/wiki/Special:FilePath/Blue-bearded%20Helmetcrest.jpg,Blue-bearded Helmetcrest,,bird,Wikimedia Commons (voir page source),2078.0,1689.0,JPEG,2162.9,NIKON CORPORATION,NIKON Z 7,Adobe Photoshop Lightroom Classic 9.1 (Macintosh),,2020:06:23 17:02:05,240.0,240.0
Oxypogon_stuebelii_-_Buffy_Helmetcrest_-_Colibrí_Chivito_del_Ruiz.jpg,images/oiseaux/Oxypogon_stuebelii_-_Buffy_Helmetcrest_-_Colibrí_Chivito_del_Ruiz.jpg,http://commons.wikimedia.org/wiki/Special:FilePath/Oxypogon%20stuebelii%20-%20Buffy%20Helmetcrest%20-%20Colibr%C3%AD%20Chivito%20del%20Ruiz.jpg,Buffy helmetcrest,,bird,Wikimedia Commons (voir page source),894.0,1025.0,JPEG,510.36,NIKON CORPORATION,NIKON D800E,Adobe Photoshop CC (Windows),1,2014:06:09 22:04:10,150.0,150.0
Black-tailed_Trainbearer_(Lesbia_victoriae).jpg,images/oiseaux/Black-tailed_Trainbearer_(Lesbia_victoriae).jpg,http://commons.wikimedia.org/wiki/Special:FilePath/Black-tailed%20Trainbearer%20%28Lesbia%20victoriae%29.jpg,Lesbiini,,bird,Wikimedia Commons (voir page source),426.0,600.0,JPEG,53.32,Canon,Canon EOS 30D,"Paint Shop Pro Photo 12,01              ",1,2009:02:09 20:07:23 ,72.0,72.0
Stephanoxis_loddigesii_244152090.jpg,images/oiseaux/Stephanoxis_loddigesii_244152090.jpg,http://commons.wikimedia.org/wiki/Special:FilePath/Stephanoxis%20loddigesii%20244152090.jpg,Stephanoxis loddigesii,,bird,Wikimedia Commons (voir page source),2047.0,2048.0,JPEG,3440.7,,,,,,,
Oxypogon_guerinii_236915214.jpg,images/oiseaux/Oxypogon_guerinii_236915214.jpg,http://commons.wikimedia.org/wiki/Special:FilePath/Oxypogon%20guerinii%20236915214.jpg,Oxypogon guerinii,,bird,Wikimedia Commons (voir page source),1365.0,1025.0,JPEG,1138.0,,,,,,,
Oxypogon_guerinii_female.jpg,images/oiseaux/Oxypogon_guerinii_female.jpg,http://commons.wikimedia.org/wiki/Special:FilePath/Oxypogon%20guerinii%20female.jpg,Oxypogon guerinii,,bird,Wikimedia Commons (voir page source),2362.0,1890.0,JPEG,1365.27,,,,,,240.0,240.0
Scaly-breasted_Hummingbird_-_Sarapiqui_-_Costa_Rica_S4E0291_(26084747394).jpg,images/oiseaux/Scaly-breasted_Hummingbird_-_Sarapiqui_-_Costa_Rica_S4E0291_(26084747394).jpg,http://commons.wikimedia.org/wiki/Special:FilePath/Scaly-breasted%20Hummingbird%20-%20Sarapiqui%20-%20Costa%20Rica%20S4E0291%20%2826084747394%29.jpg,Phaeochroa cuvierii,,bird,Wikimedia Commons (voir page source),760.0,1140.0,JPEG,191.25,Canon,Canon EOS-1D Mark IV,GIMP 2.10.2,,2021:03:27 17:48:10,300.0,300.0
Loddigesia_mirabilis_114707728.jpg,images/oiseaux/Loddigesia_mirabilis_114707728.jpg,http://commons.wikimedia.org/wiki/Special:FilePath/Loddigesia%20mirabilis%20114707728.jpg,Loddigesia mirabilis,,bird,Wikimedia Commons (voir page source),2048.0,1495.0,JPEG,991.99,,,,,,,
White-bellied_Mountain-gem_(Oreopyra_hemileucus).jpg,images/oiseaux/White-bellied_Mountain-gem_(Oreopyra_hemileucus).jpg,http://commons.wikimedia.org/wiki/Special:FilePath/White-bellied%20Mountain-gem%20%28Oreopyra%20hemileucus%29.jpg,Oreopyra hemileuca,,bird,Wikimedia Commons (voir page source),355.0,495.0,JPEG,170.53,Canon,Canon EOS 30D,GIMP 2.6.1,1,2008:11:27 01:11:05,72.0,72.0
Mountain_velvetbreast_(Lafresnaya_lafresnayi_longirostris)_male_Caldas.jpg,images/oiseaux/Mountain_velvetbreast_(Lafresnaya_lafresnayi_longirostris)_male_Caldas.jpg,http://commons.wikimedia.org/wiki/Special:FilePath/Mountain%20velvetbreast%20%28Lafresnaya%20lafresnayi%20longirostris%29%20male%20Caldas.jpg,Lafresnaya lafresnayi,,bird,Wikimedia Commons (voir page source),1802.0,1802.0,JPEG,1422.22,Canon,Canon EOS R6m2,Adobe Photoshop CS6 (Windows),1,2023:09:01 21:57:31,300.0,300.0
Picaflor_de_arica.jpg,images/oiseaux/Picaflor_de_arica.jpg,http://commons.wikimedia.org/wiki/Special:FilePath/Picaflor%20de%20arica.jpg,Eulidia yarrellii,,bird,Wikimedia Commons (voir page source),1878.0,1919.0,JPEG,1459.52,,,,,,,
Taoniscus.jpg,images/oiseaux/Taoniscus.jpg,http://commons.wikimedia.org/wiki/Special:FilePath/Taoniscus.jpg,Dwarf Tinamou,,bird,Wikimedia Commons (voir page source),250.0,300.0,JPEG,17.46,,,,,,,
"Numida_meleagris_-Kruger_National_Park,_South_Africa-8a.jpg","images/oiseaux/Numida_meleagris_-Kruger_National_Park,_South_Africa-8a.jpg",http://commons.wikimedia.org/wiki/Special:FilePath/Numida%20meleagris%20-Kruger%20National%20Park%2C%20South%20Africa-8a.jpg,Helmeted Guineafowl,,bird,Wikimedia Commons (voir page source),1863.0,1720.0,JPEG,661.07,SONY,DSLR-A580,Imagenomic Noiseware,,2011:12:12 00:00:56,,
Male_Blue-chinned_Sapphire_(Chlorestes_notatus).jpg,images/oiseaux/Male_Blue-chinned_Sapphire_(Chlorestes_notatus).jpg,http://commons.wikimedia.org/wiki/Special:FilePath/Male%20Blue-chinned%20Sapphire%20%28Chlorestes%20notatus%29.jpg,Chlorestes notata,,bird,Wikimedia Commons (voir page source),2304.0,3456.0,JPEG,7443.62,Canon,Canon EOS 350D DIGITAL,QuickTime 7.7.1,1,2012:03:13 17:19:56,72.0,72.0
Stavenn_Maleo.jpg,images/oiseaux/Stavenn_Maleo.jpg,http://commons.wikimedia.org/wiki/Special:FilePath/Stavenn%20Maleo.jpg,Maleo,,bird,Wikimedia Commons (voir page source),250.0,350.0,JPEG,31.46,Canon,Canon EOS DIGITAL REBEL XTi,Microsoft Windows Photo Gallery 6.0.6001.18000,1,2011:09:25 18:30:52,72.0,72.0
Schistes_geoffroyi_(Pico_de_cuña)_(22653616465).jpg,images/oiseaux/Schistes_geoffroyi_(Pico_de_cuña)_(22653616465).jpg,http://commons.wikimedia.org/wiki/Special:FilePath/Schistes%20geoffroyi%20%28Pico%20de%20cu%C3%B1a%29%20%2822653616465%29.jpg,Schistes geoffroyi,,bird,Wikimedia Commons (voir page source),4608.0,3072.0,JPEG,4932.87,Panasonic,DMC-FZ70,Ver.1.0  ,,2015:07:06 18:06:45,180.0,180.0
Área_de_Proteção_Ambiental_Serra_Dona_Francisca_-_Luiz_Alves_(108).jpg,images/oiseaux/Área_de_Proteção_Ambiental_Serra_Dona_Francisca_-_Luiz_Alves_(108).jpg,http://commons.wikimedia.org/wiki/Special:FilePath/%C3%81rea%20de%20Prote%C3%A7%C3%A3o%20Ambiental%20Serra%20Dona%20Francisca%20-%20Luiz%20Alves%20%28108%29.jpg,Stephanoxis loddigesii,,bird,Wikimedia Commons (voir page source),3183.0,2546.0,JPEG,9899.02,Canon,Canon EOS 6D,Luminar 4,1,2025:05:31 10:39:06,300.0,300.0
